"dua_global_id","book_id","chap_id","dua_id","chapname","duaname","tags","ID","category"
"1","1","0","","যিক্‌রের ফযীলত","যিক্‌রের ফযীলত","জিকির স্মরণ ফযিলত যিকির","0","2"
"2","1","1","1","ঘুম থেকে জেগে উঠার সময়ের যিক্‌রসমূহ","ঘুম থেকে জেগে উঠার সময়ের যিক্‌রসমূহ #১","ঘুম উঠা জেগে","1.1","1"
"3","1","1","2","","ঘুম থেকে জেগে উঠার সময়ের যিক্‌রসমূহ #২","ঘুম উঠা জেগে","1.2","1"
"4","1","1","3","","ঘুম থেকে জেগে উঠার সময়ের যিক্‌রসমূহ #৩","ঘুম উঠা জেগে","1.3","1"
"5","1","1","4","","সূরা আল-ইমরান আয়াত ১৯০-২০০","ঘুম উঠা জেগে","1.4","1"
"6","1","2","","কাপড় পরিধানের দো‘আ","কাপড় পরিধানের দো‘আ","পোশাক","2","19"
"7","1","3","","নতুন কাপড় পরিধানের দো‘আ","নতুন কাপড় পরিধানের দো‘আ","পোশাক","3","19"
"9","1","4","1","অপরকে নতুন কাপড় পরিধান করতে দেখলে তার জন্য দো‘আ","অপরকে নতুন কাপড় পরিধান করতে দেখলে তার জন্য দো‘আ #২","পোশাক","4.1","19"
"8","1","4","2","","অপরকে নতুন কাপড় পরিধান করতে দেখলে তার জন্য দো‘আ #১","পোশাক","4.2","19"
"10","1","5","","কাপড় খুলে রাখার সময় কী বলবে","কাপড় খুলে রাখার সময় কী বলবে","পোশাক খোলা","5","19"
"11","1","6","","টয়লেটে প্রবেশের দো‘আ","টয়লেটে প্রবেশের দো‘আ","বাথরুম টয়লেট শৌচাগার ওয়াশরুম","6","7"
"12","1","7","","টয়লেট থেকে বের হওয়ার দো‘আ","টয়লেট থেকে বের হওয়ার দো‘আ","বাথরুম টয়লেট শৌচাগার ওয়াশরুম","7","7"
"13","1","8","","ওযুর পূর্বে যিক্‌র","ওযুর পূর্বে যিক্‌র","ওজু উজু উযু","8","7"
"14","1","9","1","ওযু শেষ করার পর যিক্‌র","ওযু শেষ করার পর যিক্‌র #১","ওজু উজু উযু","9.1","7"
"15","1","9","2","","ওযু শেষ করার পর যিক্‌র #২","ওজু উজু উযু","9.2","7"
"16","1","9","3","","ওযু শেষ করার পর যিক্‌র #৩","ওজু উজু উযু","9.3","7"
"17","1","10","1","বাড়ি থেকে বের হওয়ার সময়ের যিক্‌র","বাড়ি থেকে বের হওয়ার সময়ের যিক্‌র #১","ঘর","10.1","11"
"18","1","10","2","","বাড়ি থেকে বের হওয়ার সময়ের যিক্‌র #২","ঘর","10.2","11"
"19","1","11","1","ঘরে প্রবেশের সময় যিক্‌র","ঘরে প্রবেশের সময় যিক্‌র #১","","11.1","4"
"352","1","11","2","","ঘরে প্রবেশের সময় যিকর #২","","11.2","4"
"20","1","12","","মসজিদে যাওয়ার সময়ে পড়ার দো‘আ","মসজিদে যাওয়ার সময়ে পড়ার দো‘আ","","12","8"
"21","1","13","","মসজিদে প্রবেশের দো‘আ","মসজিদে প্রবেশের দো‘আ","","13","8"
"22","1","14","1","মসজিদ থেকে বের হওয়ার দো‘আ","মসজিদ থেকে বের হওয়ার দো‘আ","","14.1","8"
"353","1","14","2","","মসজিদ থেকে বের হওয়ার দোয়া #২","","14.2","8"
"23","1","15","","আযানের যিক্‌রসমূহ","আযানের যিক্‌রসমূহ","আজান","15","8"
"24","1","16","1","সালাতের শুরুতে দো‘আ","সালাতের শুরুতে দো‘আ #১","নামায সালাহ স্বলাত সলাত","16.1","8"
"25","1","16","2","","সালাতের শুরুতে দো‘আ #২","নামায সালাহ স্বলাত সলাত","16.2","8"
"26","1","16","3","","সালাতের শুরুতে দো‘আ #৩","নামায সালাহ স্বলাত সলাত","16.3","8"
"27","1","16","4","","সালাতের শুরুতে দো‘আ #৪","নামায সালাহ স্বলাত সলাত","16.4","8"
"28","1","16","5","","সালাতের শুরুতে দো‘আ #৫","নামায সালাহ স্বলাত সলাত","16.5","8"
"29","1","16","6","","সালাতের শুরুতে দো‘আ #৬","নামায সালাহ স্বলাত সলাত","16.6","8"
"347","1","16","7","","সালাতের শুরুতে দো'আ #৭","নামায সালাহ স্বলাত সলাত","16.7","8"
"30","1","17","1","রুকূ‘র দো‘আ","রুকূ‘র দো‘আ #১","রুকু নামায সালাহ স্বলাত সলাত","17.1","8"
"31","1","17","2","","রুকূ‘র দো‘আ #২","রুকু নামায সালাহ স্বলাত সলাত","17.2","8"
"32","1","17","3","","রুকূ‘র দো‘আ #৩","রুকু নামায সালাহ স্বলাত সলাত","17.3","8"
"33","1","17","4","","রুকূ‘র দো‘আ #৪","রুকু নামায সালাহ স্বলাত সলাত","17.4","8"
"34","1","17","5","","রুকূ‘র দো‘আ #৫","রুকু নামায সালাহ স্বলাত সলাত","17.5","8"
"35","1","18","1","রুকু থেকে উঠার দো‘আ","রুকু থেকে উঠার দো‘আ #১","","18.1","8"
"36","1","18","2","","রুকু থেকে উঠার দো‘আ #২","","18.2","8"
"37","1","18","3","","রুকু থেকে উঠার দো‘আ #৩","","18.3","8"
"38","1","19","1","সিজদার দো‘আ","সিজদার দো‘আ #১","সেজদা সিজদাহ নামায সালাহ স্বলাত সলাত","19.1","8"
"39","1","19","2","","সিজদার দো‘আ #২","সেজদা সিজদাহ নামায সালাহ স্বলাত সলাত","19.2","8"
"40","1","19","3","","সিজদার দো‘আ #৩","সেজদা সিজদাহ নামায সালাহ স্বলাত সলাত","19.3","8"
"41","1","19","4","","সিজদার দো‘আ #৪","সেজদা সিজদাহ নামায সালাহ স্বলাত সলাত","19.4","8"
"42","1","19","5","","সিজদার দো‘আ #৫","সেজদা সিজদাহ নামায সালাহ স্বলাত সলাত","19.5","8"
"43","1","19","6","","সিজদার দো‘আ #৬","সেজদা সিজদাহ নামায সালাহ স্বলাত সলাত","19.6","8"
"44","1","19","7","","সিজদার দো‘আ #৭","সেজদা সিজদাহ নামায সালাহ স্বলাত সলাত","19.7","8"
"348","1","19","8","","সিজদার দো‘আ #৮","সেজদা সিজদাহ নামায সালাহ স্বলাত সলাত","19.8","8"
"45","1","20","1","দুই সিজদার মধ্যবর্তী বৈঠকের দো‘আ","দুই সিজদার মধ্যবর্তী বৈঠকের দো‘আ #১","সেজদা মাঝে সিজদাহ নামায সালাহ স্বলাত সলাত","20.1","8"
"46","1","20","2","","দুই সিজদার মধ্যবর্তী বৈঠকের দো‘আ #২","সেজদা মাঝে সিজদাহ নামায সালাহ স্বলাত সলাত","20.2","8"
"47","1","21","1","সিজদার আয়াত তেলাওয়াতের পর সিজদায় দো‘আ","সিজদার আয়াত তেলাওয়াতের পর সিজদায় দো‘আ #১","সেজদার সিজদাহ নামায সালাহ স্বলাত সলাত","21.1","8"
"48","1","21","2","","সিজদার আয়াত তেলাওয়াতের পর সিজদায় দো‘আ #২","সেজদার সিজদাহ নামায সালাহ স্বলাত সলাত","21.2","8"
"49","1","22","1","তাশাহ্‌হুদ","তাশাহ্‌হুদ","আত্তাহিয়্যাতু তাশাহুদ নামায সালাহ স্বলাত সলাত","22.1","8"
"349","1","22","2","","তাশাহহুদ #২","আত্তাহিয়্যাতু তাশাহুদ নামায সালাহ স্বলাত সলাত","22.2","8"
"50","1","23","1","তাশাহ্‌হুদের পর নবী সাল্লাল্লাহু আলাইহি ওয়াসাল্লামের উপর দরুদ পাঠ","তাশাহ্‌হুদের পর নবী সাল্লাল্লাহু আলাইহি ওয়াসাল্লামের উপর দরুদ পাঠ #১","দরূদ নামায সালাহ স্বলাত সলাত","23.1","8"
"51","1","23","2","","তাশাহ্‌হুদের পর নবী সাল্লাল্লাহু আলাইহি ওয়াসাল্লামের উপর দরুদ পাঠ #২","দরূদ নামায সালাহ স্বলাত সলাত","23.2","8"
"340","1","23","3","","তাশাহ্‌হুদের পর নবী সাল্লাল্লাহু আলাইহি ওয়াসাল্লামের উপর দরুদ পাঠ #৩","দরূদ নামায সালাহ স্বলাত সলাত","23.3","8"
"341","1","23","4","","তাশাহ্‌হুদের পর নবী সাল্লাল্লাহু আলাইহি ওয়াসাল্লামের উপর দরুদ পাঠ #৪","দরূদ নামায সালাহ স্বলাত সলাত","23.4","8"
"342","1","23","5","","তাশাহ্‌হুদের পর নবী সাল্লাল্লাহু আলাইহি ওয়াসাল্লামের উপর দরুদ পাঠ #৫","দরূদ নামায সালাহ স্বলাত সলাত","23.5","8"
"52","1","24","1","সালামের আগে শেষ তাশাহহুদের পরের দো‘আ","কবর ও জাহান্নামের আযাব এবং জীবন, মৃত্যু ও দাজ্জালের ফিতনা থেকে আশ্রয় চাওয়ার দোআ","নামায সালাহ স্বলাত সলাত","24.1","8"
"53","1","24","2","","কবর ও জাহান্নামের আযাব, জীবন, মৃত্যু ও দাজ্জালের ফিতনা এবং গুনাহ ও ঋণ থেকে আশ্রয় চাওয়ার দোআ","নামায সালাহ স্বলাত সলাত","24.2","8"
"54","1","24","3","","সালামের আগে শেষ তাশাহহুদের পরের দো‘আ #৩","নামায সালাহ স্বলাত সলাত","24.3","8"
"55","1","24","4","","সালামের আগে শেষ তাশাহহুদের পরের দো‘আ #৪","নামায সালাহ স্বলাত সলাত","24.4","8"
"56","1","24","5","","সালামের আগে শেষ তাশাহহুদের পরের দো‘আ #৫","নামায সালাহ স্বলাত সলাত","24.5","8"
"57","1","24","6","","কৃপণতা, কাপুরুষতা, বার্ধক্য এবং ফিতনা থেকে আশ্রয় চাওয়ার দোআ","নামায সালাহ স্বলাত সলাত","24.6","8"
"58","1","24","7","","জাহান্নাম থেকে আশ্রয় এবং জান্নাত চাওয়ার দোআ","নামায সালাহ স্বলাত সলাত","24.7","8"
"59","1","24","8","","সালামের আগে শেষ তাশাহহুদের পরের দো‘আ #৮","নামায সালাহ স্বলাত সলাত","24.8","8"
"60","1","24","9","","সালামের আগে শেষ তাশাহহুদের পরের দো‘আ #৯","নামায সালাহ স্বলাত সলাত","24.9","8"
"61","1","24","10","","সালামের আগে শেষ তাশাহহুদের পরের দো‘আ #১০","নামায সালাহ স্বলাত সলাত","24.10","8"
"62","1","24","11","","সালামের আগে শেষ তাশাহহুদের পরের দো‘আ #১১","নামায সালাহ স্বলাত সলাত","24.11","8"
"350","1","24","12","","সালামের আগে শেষ তাশাহহুদের পরের দো‘আ #১২","নামায সালাহ স্বলাত সলাত","24.12","8"
"351","1","24","13","","সালামের আগে শেষ তাশাহহুদের পরের দো‘আ #১৩","নামায সালাহ স্বলাত সলাত","24.13","8"
"63","1","25","1","সালাম ফিরানোর পর যিকরসমূহ","সালাম ফিরানোর পর যিকরসমূহ #১","","25.1","8"
"64","1","25","2","","সালাম ফিরানোর পর যিকরসমূহ #২","","25.2","8"
"65","1","25","3","","সালাম ফিরানোর পর যিকরসমূহ #৩","","25.3","8"
"66","1","25","4","","পাপরাশি ক্ষমা করে দেওয়া হয়, যদিও তা সমুদ্রের ফেনারাশির মত হয়","","25.4","8"
"67","1","25","5","","কুরআনের শেষ তিন সূরা","","25.5","8"
"68","1","25","6","","আয়াতুল কুরসি: সূরা আল-বাকারাহ্‌ ২৫৫","","25.6","8"
"69","1","25","7","","সালাম ফিরানোর পর যিকরসমূহ #৭","","25.7","8"
"70","1","25","8","","উপকারী জ্ঞান, পবিত্র রিযিক এবং কবুলযোগ্য আমলের দো'আ","","25.8","8"
"360","1","25","9","","সালাম ফিরানোর পর যিকরসমূহ #৯","","25.9","8"
"361","1","25","10","","সালাম ফিরানোর পর যিকরসমূহ #১০","","25.10","8"
"362","1","25","11","","সালাম ফিরানোর পর যিকরসমূহ #১১","","25.11","8"
"363","1","25","12","","সালাম ফিরানোর পর যিকরসমূহ #১২","","25.12","8"
"364","1","25","13","","সালাম ফিরানোর পর যিকরসমূহ #১৩","","25.13","8"
"365","1","25","14","","সালাম ফিরানোর পর যিকরসমূহ #১৪","","25.14","8"
"366","1","25","15","","সালাম ফিরানোর পর যিকরসমূহ #১৫","","25.15","8"
"367","1","25","16","","সালাম ফিরানোর পর যিকরসমূহ #১৬","","25.16","8"
"368","1","25","17","","সালাম ফিরানোর পর যিকরসমূহ #১৭","","25.17","8"
"369","1","25","18","","সালাম ফিরানোর পর যিকরসমূহ #১৮","","25.18","8"
"370","1","25","19","","সালাম ফিরানোর পর যিকরসমূহ #১৯","","25.19","8"
"371","1","25","20","","সালাম ফিরানোর পর যিকরসমূহ #২০","","25.20","8"
"372","1","25","21","","সালাম ফিরানোর পর যিকরসমূহ #২১","","25.21","8"
"373","1","25","22","","সালাম ফিরানোর পর যিকরসমূহ #২২","","25.22","8"
"374","1","25","23","","সালাম ফিরানোর পর যিকরসমূহ #২৩","","25.23","8"
"375","1","25","24","","সালাম ফিরানোর পর যিকরসমূহ #২৪","","25.24","8"
"376","1","25","25","","সালাম ফিরানোর পর যিকরসমূহ #২৫","","25.25","8"
"377","1","25","26","","সালাম ফিরানোর পর যিকরসমূহ #২৬","","25.26","8"
"379","1","25","27","","সালাম ফিরানোর পর যিকরসমূহ #২৭","","25.27","8"
"380","1","25","28","","সালাম ফিরানোর পর যিকরসমূহ #২৮","","25.28","8"
"381","1","25","29","","সালাম ফিরানোর পর যিকরসমূহ #২৯","","25.29","8"
"382","1","25","30","","সালাম ফিরানোর পর যিকরসমূহ #৩০","","25.30","8"
"378","1","25","31","","সালাম ফিরানোর পর যিকরসমূহ #৩১","","25.31","8"
"71","1","26","","ইসতিখারার সালাতের দো‘আ","ইসতিখারার সালাতের দো‘আ","ইস্তিখারা ইস্তেখারা","26","8"
"72","1","27","1","সকাল ও বিকালের যিক্‌রসমূহ","সকাল ও বিকালের যিক্‌রের ফযীলত","জিকির যিকির","27.1","2"
"73","1","27","2","","আয়াতুল কুরসি: সূরা আল-বাকারাহ্‌ ২৫৫","জিকির যিকির","27.2","2"
"74","1","27","3","","সবকিছুর (নিরাপত্তার) জন্য যথেষ্ট যে দোআ","জিকির যিকির","27.3","2"
"75","1","27","4","","সকাল ও বিকালের যিক্‌রসমূহ #৪","জিকির যিকির","27.4","2"
"76","1","27","5","","সকাল ও বিকালের যিক্‌রসমূহ #৫","জিকির যিকির","27.5","2"
"77","1","27","6","","সায়্যিদুল ইসতিগফার (ক্ষমা চাওয়ার শ্রেষ্ঠ দোআ)","জিকির যিকির","27.6","2"
"78","1","27","7","","জাহান্নামের আগুন থেকে মুক্তি","জিকির যিকির","27.7","2"
"79","1","27","8","","আল্লাহর নিকট শুকরিয়া আদায়","জিকির যিকির","27.8","2"
"80","1","27","9","","সকাল ও বিকালের যিক্‌রসমূহ #৯","জিকির যিকির","27.9","2"
"81","1","27","10","","দুনিয়া ও আখেরাতের সকল চিন্তাভাবনার জন্য আল্লাহ্ই যথেষ্ট হবেন","জিকির যিকির","27.10","2"
"82","1","27","11","","সকাল ও বিকালের যিক্‌রসমূহ #১১","জিকির যিকির","27.11","2"
"83","1","27","12","","সকাল ও বিকালের যিক্‌রসমূহ #১২","জিকির যিকির","27.12","2"
"84","1","27","13","","কোনো কিছু তার ক্ষতি করতে পারবে না","জিকির যিকির","27.13","2"
"85","1","27","14","","কিয়ামতের দিনে আল্লাহর সন্তুষ্টি","জিকির যিকির","27.14","2"
"86","1","27","15","","সকাল ও বিকালের যিক্‌রসমূহ #১৫","জিকির যিকির","27.15","2"
"87","1","27","16","","সকাল ও বিকালের যিক্‌রসমূহ #১৬","জিকির যিকির","27.16","2"
"88","1","27","17","","সকাল ও বিকালের যিক্‌রসমূহ #১৭","জিকির যিকির","27.17","2"
"89","1","27","18","","তার চেয়ে কেউ উৎকৃষ্ট হবে না যে এই দোআ বেশি পরবে","জিকির যিকির","27.18","2"
"90","1","27","19","","দশটি দাসমুক্তির অনুরূপ ও একশত সাওয়াব","জিকির যিকির","27.19","2"
"91","1","27","20","","চারটি কালেমা সারা সকাল ইবাদতের চেয়েও ওজনে ভারী","জিকির যিকির","27.20","2"
"92","1","27","21","","উপকারী জ্ঞান, পবিত্র রিযিক এবং কবুলযোগ্য আমলের দো'আ","জিকির যিকির","27.21","2"
"93","1","27","22","","সকাল ও বিকালের যিক্‌রসমূহ #২২","জিকির যিকির","27.22","2"
"94","1","27","23","","বিষধর প্রাণীর ক্ষতি থেকে নিরাপত্তা","জিকির যিকির","27.23","2"
"95","1","27","24","","কিয়ামতের দিন রসুলুল্লাহ (স:)এর সুপারিশ লাভ","জিকির যিকির","27.24","2"
"359","1","27","25","","সকাল ও বিকালের যিকরসমূহ #২৫","জিকির যিকির","27.25","2"
"358","1","27","26","","সকাল ও বিকালের যিকরসমূহ #২৬","জিকির যিকির","27.26","2"
"383","1","27","27","","সকাল ও বিকালের যিকরসমূহ #২৭","জিকির যিকির","27.27","2"
"384","1","27","28","","সকাল ও বিকালের যিকরসমূহ #২৮","জিকির যিকির","27.28","2"
"96","1","28","1","ঘুমানোর যিক্‌রসমূহ","কুরআনের শেষ তিন সূরা","ঘুমানোর আগে জিকির যিকির ঘুম","28.1","1"
"97","1","28","2","","আয়াতুল কুরসি: সূরা আল-বাকারাহ্‌ ২৫৫","ঘুমানোর আগে জিকির যিকির ঘুম","28.2","1"
"98","1","28","3","","সূরা বাকারাহ্‌ আয়াত ২৮৫-২৮৬","ঘুমানোর আগে জিকির যিকির ঘুম","28.3","1"
"99","1","28","4","","ঘুমানোর যিক্‌রসমূহ #৪","ঘুমানোর আগে জিকির যিকির ঘুম","28.4","1"
"100","1","28","5","","ঘুমানোর যিক্‌রসমূহ #৫","ঘুমানোর আগে জিকির যিকির ঘুম","28.5","1"
"101","1","28","6","","ঘুমানোর যিক্‌রসমূহ #৬","ঘুমানোর আগে জিকির যিকির ঘুম","28.6","1"
"102","1","28","7","","ঘুমানোর যিক্‌রসমূহ #৭","ঘুমানোর আগে জিকির যিকির ঘুম","28.7","1"
"103","1","28","8","","ঘুমানোর যিক্‌রসমূহ #৮","ঘুমানোর আগে জিকির যিকির ঘুম","28.8","1"
"104","1","28","9","","ঘুমানোর যিক্‌রসমূহ #৯","ঘুমানোর আগে জিকির যিকির ঘুম","28.9","1"
"105","1","28","10","","ঘুমানোর যিক্‌রসমূহ #১০","ঘুমানোর আগে জিকির যিকির ঘুম","28.10","1"
"106","1","28","11","","ঘুমানোর যিক্‌রসমূহ #১১","ঘুমানোর আগে জিকির যিকির ঘুম","28.11","1"
"107","1","28","12","","ঘুমানোর যিক্‌রসমূহ #১২","ঘুমানোর আগে জিকির যিকির ঘুম","28.12","1"
"108","1","28","13","","ফিত্‌রাহের উপর মৃত্যুবরণ করা","ঘুমানোর আগে জিকির যিকির ঘুম","28.13","1"
"387","1","28","14","","ঘুমানোর যিকর ১৪","ঘুমানোর আগে জিকির যিকির ঘুম","28.14","1"
"388","1","28","15","","ঘুমানোর যিক্‌রসমূহ #১৫","ঘুমানোর আগে জিকির যিকির ঘুম","28.15","1"
"389","1","28","16","","ঘুমানোর যিক্‌রসমূহ #১৬","ঘুমানোর আগে জিকির যিকির ঘুম","28.16","1"
"390","1","28","17","","ঘুমানোর যিক্‌রসমূহ #১৭","ঘুমানোর আগে জিকির যিকির ঘুম","28.17","1"
"386","1","28","18","","সূরা ইখলাস","ঘুমানোর আগে জিকির যিকির ঘুম","28.18","1"
"385","1","28","19","","সূরা কাফিরূন","ঘুমানোর আগে জিকির যিকির ঘুম","28.19","1"
"109","1","29","","রাতে যখন পার্শ্ব পরিবর্তন করে তখন পড়ার দো‘আ","রাতে যখন পার্শ্ব পরিবর্তন করে তখন পড়ার দো‘আ","","29","1"
"110","1","30","","ঘুমন্ত অবস্থায় ভয় এবং একাকিত্বের অস্বস্তিতে পড়ার দো‘আ","ঘুমন্ত অবস্থায় ভয় এবং একাকিত্বের অস্বস্তিতে পড়ার দো‘আ","","30","1"
"111","1","31","","খারাপ স্বপ্ন বা দুঃস্বপ্ন দেখে যা করবে","খারাপ স্বপ্ন বা দুঃস্বপ্ন দেখে যা করবে","","31","1"
"112","1","32","1","বিত্‌রের কুনুতের দো‘আ","বিত্‌রের কুনুতের দো‘আ #১","বেতর বিত্‌র","32.1","8"
"113","1","32","2","","বিত্‌রের কুনুতের দো‘আ #২","বেতর বিত্‌র","32.2","8"
"114","1","32","3","","বিত্‌রের কুনুতের দো‘আ #৩","বেতর বিত্‌র","32.3","8"
"354","1","32","4","","বিত্‌রের কুনুতের দো‘আ #৪","বেতর বিত্‌র","32.4","8"
"355","1","32","5","","বিত্‌রের কুনুতের দো‘আ #৫","বেতর বিত্‌র","32.5","8"
"115","1","33","","বিত্‌রের নামায থেকে সালাম ফিরানোর পরের যিক্‌র","বিত্‌রের নামায থেকে সালাম ফিরানোর পরের যিক্‌র","বেতর","33","8"
"116","1","34","1","দুঃখ ও দুশ্চিন্তার সময় পড়ার দো‘আ","দুঃখ ও দুশ্চিন্তার সময় পড়ার দো‘আ #১","কষ্ট","34.1","15"
"117","1","34","2","","দুঃখ ও দুশ্চিন্তার সময় পড়ার দো‘আ #২","কষ্ট","34.2","15"
"118","1","35","1","দুর্দশাগ্রস্ত ব্যক্তির দো‘আ","দুর্দশাগ্রস্ত ব্যক্তির দো‘আ #১","কষ্ট","35.1","15"
"119","1","35","2","","দুর্দশাগ্রস্ত ব্যক্তির দো‘আ #২","কষ্ট","35.2","15"
"120","1","35","3","","দুর্দশাগ্রস্ত ব্যক্তির দো‘আ #৩","কষ্ট","35.3","15"
"121","1","35","4","","দুর্দশাগ্রস্ত ব্যক্তির দো‘আ #৪","কষ্ট","35.4","15"
"122","1","36","1","শত্রু এবং শক্তিধর ব্যক্তির সাক্ষাতকালে দো‘আ","শত্রু এবং শক্তিধর ব্যক্তির সাক্ষাতকালে দো‘আ #১","","36.1","15"
"123","1","36","2","","শত্রু এবং শক্তিধর ব্যক্তির সাক্ষাতকালে দো‘আ #২","","36.2","15"
"124","1","36","3","","শত্রু এবং শক্তিধর ব্যক্তির সাক্ষাতকালে দো‘আ #৩","","36.3","15"
"125","1","37","1","শাসকের অত্যাচারের ভয় করলে পড়ার দো‘আ","শাসকের অত্যাচারের ভয় করলে পড়ার দো‘আ #১","","37.1","15"
"126","1","37","2","","শাসকের অত্যাচারের ভয় করলে পড়ার দো‘আ #২","","37.2","15"
"127","1","38","","শত্রুর উপর বদ-দো‘আ","শত্রুর উপর বদ-দো‘আ","","38","15"
"128","1","39","","কোনো সম্প্রদায়কে ভয় করলে যা বলবে","কোনো সম্প্রদায়কে ভয় করলে যা বলবে","","39","15"
"129","1","40","1","ঈমানের মধ্যে সন্দেহে পতিত ব্যক্তির দো‘আ","ঈমানের মধ্যে সন্দেহে পতিত ব্যক্তির দো‘আ #১","দূর্বল ইমান","40.1","15"
"130","1","40","2","","ঈমানের মধ্যে সন্দেহে পতিত ব্যক্তির দো‘আ #২","দূর্বল ইমান","40.2","15"
"131","1","41","1","ঋণ মুক্তির জন্য দো‘আ","ঋণ মুক্তির জন্য দো‘আ #১","","41.1","15"
"132","1","41","2","","ঋণ মুক্তির জন্য দো‘আ #২","","41.2","15"
"133","1","42","","সালাতে ও কেরাআতে শয়তানের কুমন্ত্রণায় পতিত ব্যক্তির দো‘আ","সালাতে ও কিরাআতে শয়তানের কুমন্ত্রণায় পতিত ব্যক্তির দো‘আ","কিরাত","42","15"
"134","1","43","","কঠিন কাজে পতিত ব্যক্তির দো‘আ","কঠিন কাজে পতিত ব্যক্তির দো‘আ","","43","15"
"135","1","44","","পাপ করে ফেললে যা বলবে এবং যা করবে","পাপ করে ফেললে যা বলবে এবং যা করবে","গুনাহ","44","15"
"136","1","45","","শয়তান ও তার কুমন্ত্রণা দূর করার দো‘আ","শয়তান ও তার কুমন্ত্রণা দূর করার দো‘আ","","45","15"
"137","1","46","","যখন অনাকাঙ্খিত কিছু ঘটে, বা যা করতে চায় তাতে বাধাপ্রাপ্ত হয়, তখন পড়ার দো‘আ","যখন অনাকাঙ্খিত কিছু ঘটে, বা যা করতে চায় তাতে বাধাপ্রাপ্ত হয়, তখন পড়ার দো‘আ","","46","15"
"138","1","47","","সন্তান লাভকারীকে অভিনন্দন ও তার জবাব","সন্তান লাভকারীকে অভিনন্দন ও তার জবাব","সন্তান শিশু বাচ্চা","47","3,4"
"139","1","48","","যা দ্বারা শিশুদের জন্য আশ্রয় প্রার্থনা করা হয়","যা দ্বারা শিশুদের জন্য আশ্রয় প্রার্থনা করা হয়","সন্তান শিশু বাচ্চা নজর","48","3,15"
"140","1","49","","রোগী দেখতে যাওয়ার ফযিলত","রোগী দেখতে যাওয়ার ফযিলত","অসুস্থ","49","14"
"141","1","50","1","রোগী দেখতে গিয়ে তার জন্য দো‘আ","রোগী দেখতে গিয়ে তার জন্য দো‘আ #১","অসুস্থ","50.1","14"
"142","1","50","2","","রোগী দেখতে গিয়ে তার জন্য দো‘আ #২","অসুস্থ","50.2","14"
"143","1","51","1","জীবনের আশা ছেড়ে দেওয়া রোগীর দো‘আ","জীবনের আশা ছেড়ে দেওয়া রোগীর দো‘আ #১","অসুস্থ","51.1","14"
"144","1","51","2","","জীবনের আশা ছেড়ে দেওয়া রোগীর দো‘আ #২","অসুস্থ","51.2","14"
"145","1","51","3","","জীবনের আশা ছেড়ে দেওয়া রোগীর দো‘আ #৩","অসুস্থ","51.3","14"
"146","1","52","","মরণাপন্ন ব্যক্তিকে তালক্বীন(কালেমা স্মরণ করিয়ে দেওয়া)","মরণাপন্ন ব্যক্তিকে তালক্বীন (কালেমা স্মরণ করিয়ে দেওয়া)","","52","14"
"147","1","53","","কোনো মুসিবতে পতিত ব্যক্তির দো‘আ","কোনো মুসিবতে পতিত ব্যক্তির দো‘আ","বিপদ","53","15"
"148","1","54","","মৃত ব্যক্তির চোখ বন্ধ করানোর দো‘আ","মৃত ব্যক্তির চোখ বন্ধ করানোর দো‘আ","","54","14"
"149","1","55","1","মৃত ব্যক্তির জন্য জানাযার সালাতে দো‘আ","মৃত ব্যক্তির জন্য জানাযার সালাতে দো‘আ #১","","55.1","14,8"
"150","1","55","2","","মৃত ব্যক্তির জন্য জানাযার সালাতে দো‘আ #২","","55.2","14,8"
"151","1","55","3","","মৃত ব্যক্তির জন্য জানাযার সালাতে দো‘আ #৩","","55.3","14,8"
"152","1","55","4","","মৃত ব্যক্তির জন্য জানাযার সালাতে দো‘আ #৪","","55.4","14,8"
"356","1","55","5","","মৃত ব্যক্তির জন্য জানাযার সালাতে দো‘আ #৫","","55.5","14,8"
"357","1","55","6","","মৃত ব্যক্তির জন্য জানাযার সালাতে দো‘আ #৬","","55.6","14,8"
"153","1","56","1","নাবালক শিশুদের জন্য জানাযার সালাতে দো‘আ","নাবালক শিশুদের জন্য জানাযার সালাতে দো‘আ #১","","56.1","14,8"
"154","1","56","2","","নাবালক শিশুদের জন্য জানাযার সালাতে দো‘আ #২","","56.2","14,8"
"155","1","56","3","","নাবালক শিশুদের জন্য জানাযার সালাতে দো‘আ #৩","","56.3","14,8"
"156","1","57","1","শোকার্তদের সান্ত্বনা দেওয়ার দো‘আ","শোকার্তদের সান্ত্বনা দেওয়ার দো‘আ #১","","57.1","14"
"157","1","57","2","","শোকার্তদের সান্ত্বনা দেওয়ার দো‘আ #২","","57.2","14"
"158","1","58","1","মৃতকে কবরে প্রবেশ করানোর দো‘আ","মৃতকে কবরে প্রবেশ করানোর দো‘আ","","58.1","14"
"417","1","58","2","","মৃতকে কবরস্থ করার দুআ-২","","58.2","14"
"159","1","59","1","মৃতকে দাফন করার পর দো‘আ","মৃতকে দাফন করার পর দো‘আ","","59.1","14"
"418","1","59","2","","কবরস্থ করার পরের দুআ","","59.2","14"
"160","1","60","1","কবর যিয়ারতের দো‘আ","কবর যিয়ারতের দো‘আ #১","জিয়ারত","60.1","14"
"419","1","60","2","","কবর যিয়ারতের দুআ #২","জিয়ারত","60.2","14"
"420","1","60","3","","কবর যিয়ারতের দুআ #৩","জিয়ারত","60.3","14"
"421","1","60","4","","কবর যিয়ারতের দুআ #৪","জিয়ারত","60.4","14"
"161","1","61","1","বায়ূ প্রবাহিত হলে পড়ার দো‘আ","বায়ূ প্রবাহিত হলে পড়ার দো‘আ #১","ঝড় বাতাস","61.1","12"
"162","1","61","2","","বায়ূ প্রবাহিত হলে পড়ার দো‘আ #২","ঝড় বাতাস","61.2","12"
"163","1","62","","মেঘের গর্জন শুনলে পড়ার দো‘আ","মেঘের গর্জন শুনলে পড়ার দো‘আ","","62","12"
"164","1","63","1","বৃষ্টি চাওয়ার কিছু দো‘আ","বৃষ্টি চাওয়ার কিছু দো‘আ #১","","63.1","12"
"165","1","63","2","","বৃষ্টি চাওয়ার কিছু দো‘আ #২","","63.2","12"
"166","1","63","3","","বৃষ্টি চাওয়ার কিছু দো‘আ #৩","","63.3","12"
"167","1","64","","বৃষ্টি দেখলে দো‘আ","বৃষ্টি দেখলে দো‘আ","","64","12"
"168","1","65","","বৃষ্টি বর্ষণের পর যিকর","বৃষ্টি বর্ষণের পর যিকর","","65","12"
"169","1","66","","অতিবৃষ্টি বন্ধের জন্য কিছু দো‘আ","অতিবৃষ্টি বন্ধের জন্য কিছু দো‘আ","","66","12"
"170","1","67","","নতুন চাঁদ দেখে পড়ার দো‘আ","নতুন চাঁদ দেখে পড়ার দো‘আ","","67","12"
"171","1","68","1","ইফতারের সময় রোযাদারের দো‘আ","ইফতারের সময় রোযাদারের দো‘আ #১","","68.1","5"
"172","1","68","2","","ইফতারের সময় রোযাদারের দো‘আ #২","","68.2","5"
"173","1","69","1","খাওয়ার পূর্বে দো‘আ","খাওয়ার পূর্বে দো‘আ #১","খাবার","69.1","9,5"
"174","1","69","2","","খাওয়ার পূর্বে দো‘আ #২","খাবার","69.2","9,5"
"175","1","70","1","আহার শেষ করার পর দো‘আ","আহার শেষ করার পর দো‘আ #১","খাবার","70.1","9,5"
"176","1","70","2","","আহার শেষ করার পর দো‘আ #২","খাবার","70.2","9,5"
"177","1","71","","আহারের আয়োজনকারীর জন্য মেহমানের দো‘আ","আহারের আয়োজনকারীর জন্য মেহমানের দো‘আ","খাবার","71","9"
"178","1","72","","দো‘আর মাধ্যমে খাবার বা পানীয় চাওয়ার ইঙ্গিত করা","দো‘আর মাধ্যমে খাবার বা পানীয় চাওয়ার ইঙ্গিত করা","","72","9"
"179","1","73","","কোনো পরিবারের কাছে ইফতার করলে তাদের জন্য দো‘আ","কোনো পরিবারের কাছে ইফতার করলে তাদের জন্য দো‘আ","","73","5"
"180","1","74","","রোযাদারের নিকট যদি খাবার উপস্থিত হয়, আর সে রোযা না ভাঙ্গে তখন তার দো‘আ করা","রোযাদারের নিকট যদি খাবার উপস্থিত হয়, আর সে রোযা না ভাঙ্গে তখন তার দো‘আ করা","সিয়াম","74","5"
"181","1","75","","রোযাদারকে কেউ গালি দিলে যা বলবে","রোযাদারকে কেউ গালি দিলে যা বলবে","সিয়াম","75","5"
"182","1","76","","ফলের কলি দেখলে পড়ার দো‘আ","ফলের কলি দেখলে পড়ার দো‘আ","","76","12"
"183","1","77","","হাঁচির দো‘আ","হাঁচির দো‘আ","","77","4"
"184","1","78","","কাফের ব্যক্তি হাঁচি দিয়ে আলহামদুলিল্লাহ বললে তার জবাবে যা বলা হবে","কাফের ব্যক্তি হাঁচি দিয়ে আলহামদুলিল্লাহ বললে তার জবাবে যা বলা হবে","অমুসলিম","78","4"
"185","1","79","","নব বিবাহিতের জন্য দো‘আ","নব বিবাহিতের জন্য দো‘আ","","79","3,4"
"186","1","80","","বিবাহিত ব্যক্তির দো‘আ এবং বাহন ক্রয়ের পর দো‘আ","বিবাহিত ব্যক্তির দো‘আ এবং বাহন ক্রয়ের পর দো‘আ","","80","3"
"187","1","81","","স্ত্রী-সহবাসের পূর্বের দো‘আ","স্ত্রী-সহবাসের পুর্বের দো‘আ","","81","3"
"188","1","82","","ক্রোধ দমনের দো‘আ","ক্রোধ দমনের দো‘আ","রাগ","82","15"
"189","1","83","","বিপন্ন লোক দেখলে পড়ার দো‘আ","বিপন্ন লোক দেখলে পড়ার দো‘আ","বিপদ","83","15"
"190","1","84","1","মজলিসে যা বলতে হয়","মজলিসে যা বলতে হয়","","84.1","4"
"422","1","84","2","","মাজলিসের আখিরী দুআ","","84.2","4"
"191","1","85","","বৈঠকের শেষে কাফ্‌ফারা হিসেবে দোআ","বৈঠকের শেষে কাফ্‌ফারা হিসেবে দোআ","মজলিস","85","4"
"192","1","86","","কেউ যদি বলে, ‘আল্লাহ আপনাকে ক্ষমা করুন’, তার জন্য দো‘আ","কেউ যদি বলে, ‘আল্লাহ আপনাকে ক্ষমা করুন’, তার জন্য দো‘আ","","86","4"
"193","1","87","","কেউ আপনার সাথে সদাচারণ করলে তার জন্য দো‘আ","কেউ আপনার সাথে সদাচারণ করলে তার জন্য দো‘আ","ধন্যবাদ","87","4"
"194","1","88","","আল্লাহ যা দ্বারা দাজ্জাল থেকে হেফাযত করবেন","আল্লাহ যা দ্বারা দাজ্জাল থেকে হেফাযত করবেন","","88","15"
"195","1","89","","যে ব্যক্তি বলবে, ‘আমি আপনাকে আল্লাহ্‌র জন্য ভালোবাসি’— তার জন্য দো‘আ","যে ব্যক্তি বলবে, ‘আমি আপনাকে আল্লাহ্‌র জন্য ভালোবাসি’— তার জন্য দো‘আ","","89","4"
"196","1","90","","আপনাকে কেউ তার সম্পদ দান করার জন্য পেশ করলে তার জন্য দো‘আ","আপনাকে কেউ তার সম্পদ দান করার জন্য পেশ করলে তার জন্য দো‘আ","ধন্যবাদ","90","4,10"
"197","1","91","","কেউ ঋণ দিলে তা পরিশোধের সময় দো‘আ","কেউ ঋণ দিলে তা পরিশোধের সময় দো‘আ","","91","4"
"198","1","92","","শির্কের ভয়ে দো‘আ","শির্কের ভয়ে দো‘আ","শিরক","92","15"
"199","1","93","","কেউ যদি বলে, ‘আল্লাহ আপনার উপর বরকত দিন’, তার জন্য দো‘আ","কেউ যদি বলে, ‘আল্লাহ আপনার উপর বরকত দিন’, তার জন্য দো‘আ","","93","4"
"200","1","94","","অশুভ লক্ষণ গ্রহণকে অপছন্দ করে দো‘আ","অশুভ লক্ষণ গ্রহণকে অপছন্দ করে দো‘আ","","94","15"
"201","1","95","","বাহনে আরোহণের দো‘আ","বাহনে আরোহণের দো‘আ","গাড়ি বাস প্লেন রিক্সা নৌকা","95","11"
"202","1","96","","সফরের দো‘আ","সফরের দো‘আ","ভ্রমণ","96","11"
"203","1","97","","গ্রাম বা শহরে প্রবেশের দো‘আ","গ্রাম বা শহরে প্রবেশের দো‘আ","","97","11"
"204","1","98","1","বাজারে প্রবেশের দো‘আ","বাজারে প্রবেশের দো‘আ","","98.1","4"
"393","1","98","2","","বাজার বা কর্মস্থলে প্রবেশের দুআ","","98.2","4"
"205","1","99","","বাহন হোঁচট খেলে পড়ার দো‘আ","বাহন হোঁচট খেলে পড়ার দো‘আ","গাড়ি বাস প্লেন রিক্সা নৌকা","99","11"
"206","1","100","","মুক্বীম বা অবস্থানকারীদের জন্য মুসাফিরের দো‘আ","মুক্বীম বা অবস্থানকারীদের জন্য মুসাফিরের দো‘আ","","100","11"
"207","1","101","1","মুসাফিরের জন্য মুক্বীম বা অবস্থানকারীর দো‘আ","মুসাফিরের জন্য মুক্বীম বা অবস্থানকারীর দো‘আ #১","","101.1","11"
"208","1","101","2","","মুসাফিরের জন্য মুক্বীম বা অবস্থানকারীর দো‘আ #২","","101.2","11"
"209","1","102","","উপরে উঠা ও নিচে নামার দো‘আ","উপরে উঠা ও নিচে নামার দো‘আ","","102","4"
"210","1","103","","রাত্রির শেষ প্রহরে মুসাফিরের দো‘আ","রাত্রির শেষ প্রহরে মুসাফিরের দো‘আ","","103","11"
"211","1","104","","সফরে বা অন্য অবস্থায় কোনো ঘরে নামলে পড়ার দো‘আ","সফরে বা অন্য অবস্থায় কোনো ঘরে নামলে পড়ার দো‘আ","","104","11"
"212","1","105","","সফর থেকে ফেরার যিক্‌র","সফর থেকে ফেরার যিক্‌র","","105","11"
"213","1","106","","আনন্দদায়ক অথবা অপছন্দনীয় কিছুর সম্মুখীন হলে যা বলবে","আনন্দদায়ক অথবা অপছন্দনীয় কিছুর সম্মুখীন হলে যা বলবে","","106","13"
"214","1","107","1","নবী সাল্লাল্লাহু আলাইহি ওয়াসাল্লাম-এর উপর দরূদ পাঠের ফযীলত","নবী সাল্লাল্লাহু আলাইহি ওয়াসাল্লাম-এর উপর দরূদ পাঠের ফযীলত","দুরুদ","107.1","2"
"338","1","107","2","","দু'আর শুরুতে ও শেষে দুরুদ পাঠ","দুরুদ","107.2","2"
"215","1","108","","সালামের প্রসার","সালামের প্রসার","","108","4"
"216","1","109","","কাফের সালাম দিলে কীভাবে জবাব দিবে","কাফের সালাম দিলে কীভাবে জবাব দিবে","","109","4"
"217","1","110","","মোরগের ডাক ও গাধার স্বর অথবা রাতের বেলায় কুকুরের ডাক শুনলে দো‘আ","মোরগের ডাক ও গাধার স্বর অথবা রাতের বেলায় কুকুরের ডাক শুনলে দো‘আ","","110","15"
"218","1","111","","সন্ধায় উপনীত হলে করণীয়","সন্ধায় উপনীত হলে করণীয়","রাত","111","15,2"
"219","1","112","","যাকে আপনি গালি দিয়েছেন তার জন্য দো‘আ","যাকে আপনি গালি দিয়েছেন তার জন্য দো‘আ","","112","4"
"220","1","113","","কোনো মুসলিম অপর মুসলিমকে প্রশংসা করলে যা বলবে","কোনো মুসলিম অপর মুসলিমকে প্রশংসা করলে যা বলবে","","113","4"
"221","1","114","","কোনো মুসলিমের প্রশংসা করা হলে সে যা বলবে","কোনো মুসলিমের প্রশংসা করা হলে সে যা বলবে","","114","4"
"222","1","115","","হজ্জ বা উমরায় মুহরিম ব্যক্তি কিভাবে তালবিয়াহ পড়বে","হজ্জ বা উমরায় মুহরিম ব্যক্তি কিভাবে তালবিয়াহ পড়বে","","115","6"
"223","1","116","","হাজরে আসওয়াদের কাছে আসলে তাকবীর বলা","হাজরে আসওয়াদের কাছে আসলে তাকবীর বলা","কালো পাথর","116","6"
"224","1","117","","রুকনে ইয়ামানী ও হাজরে আসওয়াদের মাঝে দো‘আ","রুকনে ইয়ামানী ও হাজরে আসওয়াদের মাঝে দো‘আ","কালো পাথর","117","6"
"225","1","118","","সাফা ও মারওয়ায় দাঁড়িয়ে যা পড়বে","সাফা ও মারওয়ায় দাঁড়িয়ে যা পড়বে","","118","6"
"226","1","119","","আরাফাতের দিনে দো‘আ","আরাফাতের দিনে দো‘আ","","119","6"
"227","1","120","","মাশ‘আরুল হারাম তথা মুযদালিফায় যিক্‌র","মাশ‘আরুল হারাম তথা মুযদালিফায় যিক্‌র","","120","6"
"228","1","121","","জামরাসমূহে প্রত্যেক কংকর নিক্ষেপকালে তাকবীর বলা","জামরাসমূহে প্রত্যেক কংকর নিক্ষেপকালে তাকবীর বলা","পাথর","121","6"
"229","1","122","","আশ্চর্যজনক ও আনন্দজনক বিষয়ের পর দো‘আ","আশ্চর্যজনক ও আনন্দজনক বিষয়ের পর দো‘আ","","122","13"
"230","1","123","","আনন্দদায়ক কোনো সংবাদ আসলে যা করবে","আনন্দদায়ক কোনো সংবাদ আসলে যা করবে","","123","13"
"231","1","124","","শরীরে কোনো ব্যথা অনুভব করলে যা করবে ও বলবে","শরীরে কোনো ব্যথা অনুভব করলে যা করবে ও বলবে","","124","14,18"
"232","1","125","","কোনো কিছুর উপর নিজের চোখ লাগার ভয় থাকলে দো‘আ","কোনো কিছুর উপর নিজের চোখ লাগার ভয় থাকলে দো‘আ","","125","15"
"233","1","126","","ভীত অবস্থায় যা বলবে","ভীত অবস্থায় যা বলবে","ভয়","126","15"
"234","1","127","","পশু যবেহ বা নাহর করার সময় যা বলবে","পশু যবেহ বা নাহর করার সময় যা বলবে","জবাই","127","9,6"
"235","1","128","","দুষ্ট শয়তানদের ষড়যন্ত্র প্রতিহত করতে যা বলবে","দুষ্ট শয়তানদের ষড়যন্ত্র প্রতিহত করতে যা বলবে","","128","15"
"236","1","129","1","ক্ষমা প্রার্থনা ও তাওবা করা","ক্ষমা প্রার্থনা ও তাওবা করা","","129.1","15"
"336","1","129","2","","মাসনূন ইস্তিগফার","","129.2","15"
"394","1","129","3","","আল্লাহর সাড়া লাভ ও ক্ষমা লাভের দুআ","","129.3","15"
"237","1","130","1","তাসবীহ, তাহমীদ, তাহলীল ও তাকবীর-এর ফযীলত","তাসবীহ, তাহমীদ, তাহলীল ও তাকবীর-এর ফযীলত","","130.1","2"
"238","1","130","2","","ইসমাঈল (আ:) এর সন্তানদের চারজনকে দাসত্ব থেকে মুক্ত করার সমান সওয়াব","","130.2","2"
"239","1","130","3","","যিকির যা জবানে সহজ আর মীযানের পাল্লায় ভারী","","130.3","2"
"240","1","130","4","","আল্লাহ্‌র নিকট সর্বাধিক প্রিয় বাক্য","","130.4","2"
"241","1","130","5","","এক হাজার সওয়াব লেখা অথবা এক হাজার পাপ মুছে ফেলা","","130.5","2"
"242","1","130","6","","জান্নাতের একটি খেজুর গাছ","","130.6","2"
"243","1","130","7","","জান্নাতের এক রত্নভাণ্ডার","","130.7","2"
"244","1","130","8","","তাসবীহ, তাহমীদ, তাহলীল ও তাকবীর-এর ফযীলত #৮","","130.8","2"
"245","1","130","9","","তাসবীহ, তাহমীদ, তাহলীল ও তাকবীর-এর ফযীলত #৯","","130.9","2"
"246","1","130","10","","সর্বশ্রেষ্ঠ দো‘আ এবং সর্বোত্তম যিক্‌র","","130.10","2"
"247","1","130","11","","চিরস্থায়ী নেক আমল","","130.11","2"
"329","1","130","12","","তাহলীল","","130.12","2"
"330","1","130","13","","তাহলীল","","130.13","2"
"331","1","130","14","","বিশেষ তাসবীহ","","130.14","2"
"332","1","130","15","","বিশেষ তাসবীহ-তাহমীদ","","130.15","2"
"248","1","131","","কীভাবে নবী সাল্লাল্লাহু আলাইহি ওয়াসাল্লাম তাসবীহ পাঠ করতেন?","কীভাবে নবী সাল্লাল্লাহু আলাইহি ওয়াসাল্লাম তাসবীহ পাঠ করতেন?","","131","2"
"249","1","132","1","বিবিধ কল্যাণ ও সামষ্টিক কিছু আদব","বিবিধ কল্যাণ ও সামষ্টিক কিছু আদব","","132.1","4"
"391","1","132","2","","কাউকে প্রশংসা করার মাসনূন যিকর","","132.2","4"
"392","1","132","3","","প্রশংসিতের দু‘আ","","132.3","4"
"250","2","133","","হিদায়াত ও সাহায্য চাওয়ার বিশেষ দোয়া [১:১-৭]","হিদায়াত ও সাহায্য চাওয়ার বিশেষ দোয়া [১:১-৭]","","133","13,17"
"251","2","134","","অজ্ঞদের অন্তর্ভুক্ত হওয়া থেকে আশ্রয় চাওয়া [২:৬৭]","অজ্ঞদের অন্তর্ভুক্ত হওয়া থেকে আশ্রয় চাওয়া [২:৬৭]","","134","15,17"
"252","2","135","","ইব্রাহীম (আঃ) কর্তৃক (মক্কা) নগরীর অধিবাসীদের নিরাপত্তা ও রিযিক চাওয়া [২:১২৬]","ইব্রাহীম (আঃ) কর্তৃক (মক্কা) নগরীর অধিবাসীদের নিরাপত্তা ও রিযিক চাওয়া [২:১২৬]","","135","10,17"
"253","2","136","","ইবাদাত - আমল কবুলের দোয়া [২:১২৭-১২৮]","ইবাদাত - আমল কবুলের দোয়া [২:১২৭-১২৮]","","136","10,17"
"254","2","137","","দুনিয়া ও আখিরাতের কল্যাণ এবং জাহান্নাম থেকে আশ্রয় চাওয়া [২:২০১]","দুনিয়া ও আখিরাতের কল্যাণ এবং জাহান্নাম থেকে আশ্রয় চাওয়া [২:২০১]","","137","10,17"
"255","2","138","","ধৈর্য, শক্তি-সামর্থ্য ও বিজয় প্রার্থনা [২:২৫০]","ধৈর্য, শক্তি-সামর্থ্য ও বিজয় প্রার্থনা [২:২৫০]","","138","15,17"
"256","2","139","","তাওবা - ক্ষমা চাওয়ার দোয়া [২:২৮৫]","তাওবা - ক্ষমা চাওয়ার দোয়া [২:২৮৫]","","139","13,17"
"257","2","140","","অজ্ঞতা বশতঃ ভুলের ক্ষমা ও সাধ্যের অতিরিক্ত বোঝা - দায়িত্ব থেকে মুক্তি চাওয়া [২:২৮৬]","অজ্ঞতা বশতঃ ভুলের ক্ষমা ও সাধ্যের অতিরিক্ত বোঝা - দায়িত্ব থেকে মুক্তি চাওয়া [২:২৮৬]","","140","15,17"
"258","2","141","","হিদায়াত প্রাপ্ত হওয়ার পর পুনরায় পথভ্রষ্ট হওয়া থেকে আশ্রয় চাওয়া [৩:৮-৯]","হিদায়াত প্রাপ্ত হওয়ার পর পুনরায় পথভ্রষ্ট হওয়া থেকে আশ্রয় চাওয়া [৩:৮-৯]","","141","13,17"
"259","2","142","","জাহান্নাম হতে মুক্তি এবং ক্ষমা চাওয়া [৩:১৬]","জাহান্নাম হতে মুক্তি এবং ক্ষমা চাওয়া [৩:১৬]","","142","15,17"
"260","2","143","","সুসন্তান লাভের জন্য দোআ [৩:৩৮]","সুসন্তান লাভের জন্য দোয়া [৩:৩৮]","","143","3,17"
"261","2","144","","শহীদের মর্যাদা লাভের দোয়া [৩:৫৩]","শহীদের মর্যাদা লাভের দোয়া [৩:৫৩]","","144","13,17"
"262","2","145","","ধৈর্য, শক্তি-সামর্থ্য ও বিজয় প্রার্থনা [৩:১৪৭]","ধৈর্য, শক্তি-সামর্থ্য ও বিজয় প্রার্থনা [৩:১৪৭]","","145","15,17"
"263","2","146","","জাহান্নামের আযাব হতে আশ্রয় চাওয়া [৩:১৯১-১৯৪]","জাহান্নামের আযাব হতে আশ্রয় চাওয়া [৩:১৯১-১৯৪]","","146","15,17"
"264","2","147","","যালিম সম্প্রদায় হতে রক্ষা এবং আল্লাহর পক্ষ থেকে অভিভাবক - সাহায্যকারী নিযুক্ত করার প্রার্থনা [৪:৭৫]","যালিম সম্প্রদায় হতে রক্ষা এবং আল্লাহর পক্ষ থেকে অভিভাবক - সাহায্যকারী নিযুক্ত করার প্রার্থনা [৪:৭৫]","","147","15,17"
"265","2","148","","পাপাচারী সম্প্রদায় হতে আল্লাহর কাছে আশ্রয় চাওয়া [৫:২৫]","পাপাচারী সম্প্রদায় হতে আল্লাহর কাছে আশ্রয় চাওয়া [৫:২৫]","","148","15,17"
"266","2","149","","শহীদের মর্যাদা লাভের দোয়া [৫:৮৩ - ৮৪]","শহীদের মর্যাদা লাভের দোয়া [৫:৮৩ - ৮৪]","","149","13,17"
"267","2","150","","রিযিক প্রার্থনা [৫:১১৪]","রিযিক প্রার্থনা [৫:১১৪]","","150","10,17"
"268","2","151","","তাওবা - ক্ষমা চাওয়ার দোয়া [৭:২৩]","তাওবা - ক্ষমা চাওয়ার দোয়া [৭:২৩]","","151","15,17"
"269","2","152","","যালিম সম্প্রদায়ের অন্তর্ভুক্ত হওয়া থেকে আশ্রয় চাওয়া [৭:৪৭]","যালিম সম্প্রদায়ের অন্তর্ভুক্ত হওয়া থেকে আশ্রয় চাওয়া [৭:৪৭]","","152","15,17"
"270","2","153","","পাপাচারী ও যালিম সম্প্রদায়ের বিরুদ্ধে আল্লাহর কাছে সাহায্য চাওয়া [৭:৮৯]","পাপাচারী ও যালিম সম্প্রদায়ের বিরুদ্ধে আল্লাহর কাছে সাহায্য চাওয়া [৭:৮৯]","","153","13,17"
"271","2","154","","ধৈর্য লাভ এবং মুসলিম হিসেবে মৃত্যু চাওয়া [৭:১২৬]","ধৈর্য লাভ এবং মুসলিম হিসেবে মৃত্যু চাওয়া [৭:১২৬]","","154","15,10,17"
"272","2","155","","ক্ষমা এবং রহমত প্রার্থনা [৭:১৫১]","ক্ষমা এবং রহমত প্রার্থনা [৭:১৫১]","","155","10,17"
"273","2","156","","তাওবা - ক্ষমা চাওয়ার দোয়া [৭:১৫৫-১৫৬]","তাওবা - ক্ষমা চাওয়ার দোয়া [৭:১৫৫-১৫৬]","","156","15,17"
"274","2","157","","সুসন্তান লাভের জন্য দোয়া [৭:১৮৯]","সুসন্তান লাভের জন্য দোয়া [৭:১৮৯]","","157","3,13,17"
"275","2","158","","বিপদ থেকে মুক্তি চাওয়ার দোয়া [১০:২২]","বিপদ থেকে মুক্তি চাওয়ার দোয়া [১০:২২]","","158","13,17"
"276","2","159","","যালিম সম্প্রদায়ের অত্যাচার থেকে আশ্রয় চাওয়া [১০:৮৫-৮৬]","যালিম সম্প্রদায়ের অত্যাচার থেকে আশ্রয় চাওয়া [১০:৮৫-৮৬]","","159","15,17"
"277","2","160","","যালিম শাসকদের বিরুদ্ধে মাজলুমের দোয়া [১০:৮৮]","যালিম শাসকদের বিরুদ্ধে মাজলুমের দোয়া [১০:৮৮]","","160","15,17"
"278","2","161","","নৌযানে আরোহনের সময় নূহ (আঃ) এর দোয়া [১১:৪১]","নৌযানে আরোহনের সময় নূহ (আঃ) এর দোয়া [১১:৪১]","","161","11,17"
"279","2","162","","নূহ (আঃ) যেভাবে আল্লাহর কাছে ক্ষমা প্রার্থনা করেছিলেন [১১:৪৭]","নূহ (আঃ) যেভাবে আল্লাহর কাছে ক্ষমা প্রার্থনা করেছিলেন [১১:৪৭]","","162","15,17"
"280","2","163","","অবৈধ প্রণয় হতে ইউসুফ (আঃ) এর আশ্রয় প্রার্থনা [১২:২৩]","অবৈধ প্রণয় হতে ইউসুফ (আঃ) এর আশ্রয় প্রার্থনা [১২:২৩]","","163","15,13,17"
"281","2","164","","অবৈধ প্রণয় হতে ইউসুফ (আঃ) এর আশ্রয় প্রার্থনা [১২:৩৩]","অবৈধ প্রণয় হতে ইউসুফ (আঃ) এর আশ্রয় প্রার্থনা [১২:৩৩]","","164","15,17"
"282","2","165","","মুসলিম হিসেবে ঈমানের উপর মৃত্যু বরণের জন্য প্রার্থনা [১২:১০১]","মুসলিম হিসেবে ঈমানের উপর মৃত্যু বরণের জন্য প্রার্থনা [১২:১০১]","","165","15,13,17"
"283","2","166","","মূর্তিপূজা থেকে দূরে রাখার জন্য ইব্রাহীম (আঃ) যেভাবে দোয়া করেছিলেন [১৪:৩৫]","মূর্তিপূজা থেকে দূরে রাখার জন্য ইব্রাহীম (আঃ) যেভাবে দোয়া করেছিলেন [১৪:৩৫]","","166","15,17"
"284","2","167","","নিয়মিত সালাত কায়েম করার শক্তি-সামর্থ্য ও তাওফীক লাভের দোয়া [১৪:৪০-৪১]","নিয়মিত সালাত কায়েম করার শক্তি-সামর্থ্য ও তাওফীক লাভের দোয়া [১৪:৪০-৪১]","","167","15,17"
"285","2","168","","পিতামাতার জন্য দোআ [১৭:২৪]","পিতামাতার জন্য দোয়া [১৭:২৪]","","168","3,17"
"286","2","169","","প্রতিকূল পরিবেশে সহজভাবে চলাফেরা করার প্রার্থনা [১৭:৮০]","প্রতিকূল পরিবেশে সহজভাবে চলাফেরা করার প্রার্থনা [১৭:৮০]","","169","15,17"
"287","2","170","","সিদ্ধান্তে উপনীত বিষয় বাস্তবায়নের জন্য আল্লাহর রহমত এবং সঠিক দিকনির্দেশনার দোয়া [১৮:১০]","সিদ্ধান্তে উপনীত বিষয় বাস্তবায়নের জন্য আল্লাহর রহমত এবং সঠিক দিকনির্দেশনার দোয়া [১৮:১০]","","170","10,17"
"288","2","171","","সুসন্তান লাভের জন্য যাকারিয়া (আঃ) এর দোয়া [১৯:৪-৬]","সুসন্তান লাভের জন্য যাকারিয়া (আঃ) এর দোয়া [১৯:৪-৬]","","171","3,10,17"
"289","2","172","","মারইয়াম (আঃ) যেভাবে আল্লাহর নিকট আশ্রয় প্রার্থনা করেছিলেন [১৯:১৮]","মারইয়াম (আঃ) যেভাবে আল্লাহর নিকট আশ্রয় প্রার্থনা করেছিলেন [১৯:১৮]","","172","15,17"
"290","2","173","","মনোবল বৃদ্ধি ও মুখের জড়তা দূর করার দোয়া [২০:২৫-২৮]","মনোবল বৃদ্ধি ও মুখের জড়তা দূর করার দোয়া [২০:২৫-২৮]","","173","10,17"
"291","2","174","","জ্ঞান বৃদ্ধির জন্য দোয়া [২০:১১৪]","জ্ঞান বৃদ্ধির জন্য দোয়া [২০:১১৪]","","174","10,17"
"292","2","175","","অসুস্থতা ও দুঃখ-কষ্ট থেকে মুক্তি পাওয়ার জন্য আইয়ুব (আঃ) এর প্রার্থনা [২১:৮৩]","অসুস্থতা ও দুঃখ-কষ্ট থেকে মুক্তি পাওয়ার জন্য আইয়ুব (আঃ) এর প্রার্থনা [২১:৮৩]","","175","14,17"
"293","2","176","","কঠিন বিপদ থেকে মুক্তি লাভের জন্য ইউনুস (আঃ) এর দোয়া [২১:৮৭]","কঠিন বিপদ থেকে মুক্তি লাভের জন্য ইউনুস (আঃ) এর দোয়া [২১:৮৭]","","176","13,17"
"294","2","177","","সন্তান লাভের জন্য যাকারিয়া (আঃ) এর দোয়া [২১:৮৯]","সন্তান লাভের জন্য যাকারিয়া (আঃ) এর দোয়া [২১:৮৯]","","177","3,13,17"
"295","2","178","","মিথ্যারোপ ও অপবাদ থেকে আল্লাহর কাছে আশ্রয় প্রার্থনা [২১:১১২]","মিথ্যারোপ ও অপবাদ থেকে আল্লাহর কাছে আশ্রয় প্রার্থনা [২১:১১২]","","178","13,17"
"296","2","179","","মিথ্যারোপ ও অপবাদ থেকে আল্লাহর কাছে আশ্রয় প্রার্থনা [২৩:২৬]","মিথ্যারোপ ও অপবাদ থেকে আল্লাহর কাছে আশ্রয় প্রার্থনা [২৩:২৬]","","179","15,17"
"297","2","180","","নৌযান থেকে নিরাপদে অবতরণের জন্য নূহ (আঃ) এর দোয়া [২৩:২৯]","নৌযান থেকে নিরাপদে অবতরণের জন্য নূহ (আঃ) এর দোয়া [২৩:২৯]","","180","11,17"
"298","2","181","","যালিমদের অন্তর্ভুক্ত হওয়া থেকে আশ্রয় চাওয়ার দোয়া [২৩:৯৪]","যালিমদের অন্তর্ভুক্ত হওয়া থেকে আশ্রয় চাওয়ার দোয়া [২৩:৯৪]","","181","15,17"
"299","2","182","","শয়তানের উপস্থিতি ও কুমন্ত্রণা হতে আল্লাহর কাছে আশ্রয় প্রার্থনা [২৩:৯৭-৯৮]","শয়তানের উপস্থিতি ও কুমন্ত্রণা হতে আল্লাহর কাছে আশ্রয় প্রার্থনা [২৩:৯৭-৯৮]","","182","15,17"
"300","2","183","","ক্ষমা এবং রহমত প্রার্থনা [২৩:১০৯]","ক্ষমা এবং রহমত প্রার্থনা [২৩:১০৯]","","183","10,17"
"301","2","184","","ক্ষমা এবং রহমত প্রার্থনা [২৩:১১৮]","ক্ষমা এবং রহমত প্রার্থনা [২৩:১১৮]","","184","10,17"
"302","2","185","","জাহান্নামের আজাব হতে আশ্রয় চাওয়া [২৫:৬৫]","জাহান্নামের আজাব হতে আশ্রয় চাওয়া [২৫:৬৫]","","185","15,17"
"303","2","186","","নয়ন প্রীতিকর স্ত্রী ও সন্তানাদি লাভের দোয়া [২৫:৭৪]","নয়ন প্রীতিকর স্ত্রী ও সন্তানাদি লাভের দোয়া [২৫:৭৪]","","186","3,17"
"304","2","187","","ইব্রাহীম (আঃ) এর বিশেষ দোয়া [২৬:৮৩-৮৯]","ইব্রাহীম (আঃ) এর বিশেষ দোয়া [২৬:৮৩-৮৯]","","187","10,17"
"305","2","188","","সত্য প্রত্যাখ্যান ও মিথ্যারোপকারী সম্প্রদায় থেকে নূহ (আঃ) এর আশ্রয় প্রার্থনা [২৬:১১৭-১১৮]","সত্য প্রত্যাখ্যান ও মিথ্যারোপকারী সম্প্রদায় থেকে নূহ (আঃ) এর আশ্রয় প্রার্থনা [২৬:১১৭-১১৮]","","188","15,17"
"306","2","189","","পাপাচারী সম্প্রদায় থেকে নিজেকে ও পরিবার-পরিজনকে রক্ষা করার জন্য লুত (আঃ) এর আশ্রয় প্রার্থনা [২৬:১৬৯]","পাপাচারী সম্প্রদায় থেকে নিজেকে ও পরিবার-পরিজনকে রক্ষা করার জন্য লুত (আঃ) এর আশ্রয় প্রার্থনা [২৬:১৬৯]","","189","15,17"
"307","2","190","","কৃতজ্ঞ বান্দা হওয়ার তাওফীক কামনা ও সৎকর্মপরায়ণ বান্দাদের অন্তর্ভুক্ত করার প্রার্থনা [২৭:১৯]","কৃতজ্ঞ বান্দা হওয়ার তাওফীক কামনা ও সৎকর্মপরায়ণ বান্দাদের অন্তর্ভুক্ত করার প্রার্থনা [২৭:১৯]","","190","13,17"
"308","2","191","","নিজের প্রতি যুলমের কথা স্বীকার করে আল্লাহর কাছে আত্মসমর্পণ করা [২৭:৪৪]","নিজের প্রতি যুলমের কথা স্বীকার করে আল্লাহর কাছে আত্মসমর্পণ করা [২৭:৪৪]","","191","13,17"
"309","2","192","","তাওবা - ক্ষমা চাওয়ার দোয়া [২৮:১৬-১৭]","তাওবা - ক্ষমা চাওয়ার দোয়া [২৮:১৬-১৭]","","192","13,17"
"310","2","193","","যালিম কওম থেকে আশ্রয় প্রার্থনা [২৮:২১]","যালিম সম্প্রদায় থেকে আশ্রয় প্রার্থনা [২৮:২১]","","193","15,17"
"311","2","194","","আল্লাহর অনুগ্রহের মুখাপেক্ষিতা [২৮:২৪]","প্রয়োজনীয় চাহিদা মেটাতে আল্লাহর অনুগ্রহ পাওয়ার জন্য মূসা (আঃ) এর দোয়া [২৮:২৪]","","194","10,17"
"312","2","195","","ফাসাদ সৃষ্টিকারী কওমের বিরুদ্ধে সাহায্য প্রার্থনা [২৯:৩০]","বিশৃঙ্খলা সৃষ্টিকারী সম্প্রদায়ের বিরুদ্ধে সাহায্য প্রার্থনা [২৯:৩০]","","195","15,17"
"313","2","196","","সুসন্তান লাভের জন্য দোআ [৩৭:১০০]","সুসন্তান লাভের জন্য দোয়া [৩৭:১০০]","","196","3,17"
"314","2","197","","ক্ষমা এবং রহমত প্রার্থনা [৩৮:৩৫]","ক্ষমা এবং রহমত প্রার্থনা [৩৮:৩৫]","","197","10,17"
"315","2","198","","অসুস্থতা ও দুঃখ-কষ্ট থেকে মুক্তি পাওয়ার জন্য আইয়ুব (আঃ) এর প্রার্থনা [৩৮:৪১]","অসুস্থতা ও দুঃখ-কষ্ট থেকে মুক্তি পাওয়ার জন্য আইয়ুব (আঃ) এর প্রার্থনা [৩৮:৪১]","","198","15,17"
"316","2","199","","ক্ষমা এবং জাহান্নাম হতে মুক্তি চাওয়ার দোয়া [৪০:৭-৯]","ক্ষমা এবং জাহান্নাম হতে মুক্তি চাওয়ার দোয়া [৪০:৭-৯]","","199","15,13,17"
"317","2","200","","যালিম শাসক ফিরআউনের ষড়যন্ত্র থেকে মুক্তির জন্য মূসা (আঃ) এর আশ্রয় প্রার্থনা [৪০:২৭]","যালিম শাসক ফিরআউনের ষড়যন্ত্র থেকে মুক্তির জন্য মূসা (আঃ) এর আশ্রয় প্রার্থনা [৪০:২৭]","","200","15,17"
"318","2","201","","যালিম শাসক ফিরআউনের ষড়যন্ত্র থেকে মুক্তির জন্য আশ্রয় প্রার্থনা [৪০:৪৪]","যালিম শাসক ফিরআউনের ষড়যন্ত্র থেকে মুক্তির জন্য আশ্রয় প্রার্থনা [৪০:৪৪]","","201","13,17"
"319","2","202","","কৃতজ্ঞ বান্দা হওয়ার তাওফীক কামনা ও সৎকর্মপরায়ণ বান্দাদের অন্তর্ভুক্ত করার প্রার্থনা [৪৬:১৫]","কৃতজ্ঞ বান্দা হওয়ার তাওফীক কামনা ও সৎকর্মপরায়ণ বান্দাদের অন্তর্ভুক্ত করার প্রার্থনা [৪৬:১৫]","","202","13,17"
"320","2","203","","সত্য প্রত্যাখ্যান ও মিথ্যারোপকারী সম্প্রদায়ের বিরুদ্ধে নূহ (আঃ) এর দোয়া [৫৪:১০]","সত্য প্রত্যাখ্যান ও মিথ্যারোপকারী সম্প্রদায়ের বিরুদ্ধে নূহ (আঃ) এর দোয়া [৫৪:১০]","","203","15,17"
"321","2","204","","তাওবা - ক্ষমা চাওয়ার দোয়া [৫৯:১০]","তাওবা - ক্ষমা চাওয়ার দোয়া [৫৯:১০]","","204","4,15,13,17"
"322","2","205","","পাপাচারী ও যালিম সম্প্রদায়ের বিরুদ্ধে আল্লাহর কাছে সাহায্য চাওয়া [৬০:৪]","পাপাচারী ও যালিম সম্প্রদায়ের বিরুদ্ধে আল্লাহর কাছে সাহায্য চাওয়া [৬০:৪]","","205","13,17"
"323","2","206","","ক্ষমা এবং নূর - হিদায়াত প্রার্থনা [৬৬:৮]","ক্ষমা এবং নূর - হিদায়াত প্রার্থনা [৬৬:৮]","","206","13,17"
"324","2","207","","ফিরআউন ও তার যালিম সম্প্রদায় হতে আশ্রয় এবং জান্নাতে বাড়ী নির্মাণ করার প্রার্থনা [৬৬:১১]","ফিরআউন ও তার যালিম সম্প্রদায় হতে আশ্রয় এবং জান্নাতে বাড়ী নির্মাণ করার প্রার্থনা [৬৬:১১]","","207","15,17"
"325","2","208","","সত্য প্রত্যাখ্যান ও মিথ্যারোপকারী সম্প্রদায়ের বিরুদ্ধে নূহ (আঃ) এর দোয়া [৭১:২৬]","সত্য প্রত্যাখ্যান ও মিথ্যারোপকারী সম্প্রদায়ের বিরুদ্ধে নূহ (আঃ) এর দোয়া [৭১:২৬]","","208","15,17"
"326","2","209","","পিতা-মাতা ও সকল মু'মিন নর-নারীকে ক্ষমা করার জন্য নূহ (আঃ) এর প্রার্থনা [৭১:২৮]","পিতা-মাতা ও সকল মু'মিন নর-নারীকে ক্ষমা করার জন্য নূহ (আঃ) এর প্রার্থনা [৭১:২৮]","","209","15,17"
"327","3","210","","লাইলাতুল ক্বদরের দোআ","লাইলাতুল ক্বদরের দোআ","","210","5"
"328","3","211","1","অসুস্থ ব্যক্তির জন্য দোআ","অসুস্থ ব্যক্তির জন্য দোআ","","211.1","14,18"
"410","3","211","2","","অসুস্থতা ও বদ-নযরের মাসনূন দুআ","","211.2","14,18"
"411","3","211","3","","অসুস্থতা, ক্ষত ও ব্যাথ্যার দুআ","","211.3","14,18"
"412","3","211","4","","নিজের ও অন্যের রোগমুক্তির দুআ","","211.4","14,18"
"415","3","211","5","","জ্বর ও ব্যাথার দুআ","","211.5","14,18"
"416","3","211","6","","পেট ব্যাথার জন্য সালাত আদায়","","211.6","14,18"
"414","3","212","","বদ-নযর থেকে হিফাযত","বদ-নযর থেকে হিফাযত","নজর","212","15"
"413","3","213","","বিষাক্ত দংশন-এর দুআ","বিষাক্ত দংশন-এর দুআ","","213","14,18"
"337","3","214","","আল্লাহর নামের উসীলায় দোয়া","ইসমু আ‘যম-৩, দু‘আ ইউনূস","","214","13"
"343","3","215","1","সালাত পাঠের গুরুত্ব ও ফযীলত","মাসনূন সালাত #১","","215.1","8,2"
"344","3","215","2","","মাসনূন সালাত #২","","215.2","8,2"
"345","3","215","3","","মাসনূন সালাত #৩","","215.3","8,2"
"395","3","216","1","মাসনূন দো'আ","মাসনূন দো'আ #১","","216.1","15"
"396","3","216","2","","মাসনূন দো'আ #২","","216.2","15"
"397","3","216","3","","মাসনূন দো'আ #৩","","216.3","15"
"398","3","216","4","","মাসনূন দো'আ #৪","","216.4","15"
"399","3","216","5","","মাসনূন দো'আ #৫","","216.5","15"
"400","3","216","6","","মাসনূন দো'আ #৬","","216.6","15"
"401","3","216","7","","মাসনূন দো'আ #৭","","216.7","15"
"402","3","216","8","","মাসনূন দো'আ #৮","","216.8","15"
"403","3","216","9","","মাসনূন দো'আ #৯","","216.9","15"
"404","3","216","10","","মাসনূন দো'আ #১০","","216.10","15"
"405","3","216","11","","মাসনূন দো'আ #১১","","216.11","15"
"406","3","216","12","","মাসনূন দো'আ #১২","","216.12","15"
"407","3","216","13","","মাসনূন দো'আ #১৩","","216.13","15"
"408","3","216","14","","মাসনূন দো'আ #১৪","","216.14","15"
"409","3","216","15","","মাসনূন দো'আ #১৫","","216.15","15"
"333","3","217","1","ব্যাপক অর্থের বিশেষ যিকর","ব্যাপক অর্থের বিশেষ যিকর #১","","217.1","15"
"334","3","217","2","","ব্যাপক অর্থের বিশেষ যিকর #২","","217.2","15"
"339","3","217","3","","ব্যাপক অর্থের বিশেষ যিকর #৩","","217.3","15"
"335","3","218","","চার প্রকারের যিকর ১০০ বার","চার প্রকারের যিকর ১০০ বার","","218","13"
